id,prompt,answer,category
1c4861e6,"In Alice's Wonderland, a secret set of transformation rules is applied to equations. Below are a few examples:
03-59 = 56
63-87 = 24
72+49 = 021
66-15 = 51
Now, determine the result for: 12*91",993,numeric_math_guess
1eaf6228,"In Alice's Wonderland, a secret set of transformation rules is applied to equations. Below are a few examples:
25-55 = 3
94+41 = 26
25+29 = 341
35-35 = 0
Now, determine the result for: 42*61",483,numeric_math_guess
7d8fe3a8,"In Alice's Wonderland, a secret set of transformation rules is applied to equations. Below are a few examples:
22""20 = 43
84""52 = 137
69|71 = |2
Now, determine the result for: 91%84",7644,numeric_math_guess
861cb154,"In Alice's Wonderland, a secret set of transformation rules is applied to equations. Below are a few examples:
69(06 = 63(
77`94 = 621
76(36 = 4(
Now, determine the result for: 14!24",2271,numeric_math_guess
b075e716,"In Alice's Wonderland, a secret set of transformation rules is applied to equations. Below are a few examples:
53[16 = 68
51[77 = 127
70-54 = 16
52[61 = 112
Now, determine the result for: 30+80",2400,numeric_math_guess
e1728524,"In Alice's Wonderland, a secret set of transformation rules is applied to equations. Below are a few examples:
12&13 = 01
57:58 = 161
06&91 = 14&
64:92 = 67
87&89 = 02
Now, determine the result for: 99/99",1089,numeric_math_guess
e307429d,"In Alice's Wonderland, a secret set of transformation rules is applied to equations. Below are a few examples:
24-71 = 52
58-92 = 65
31+46 = 67
84-13 = 71
Now, determine the result for: 23*41",844,numeric_math_guess
1c4861e6,"In Alice's Wonderland, a secret set of transformation rules is applied to equations. Below are a few examples:
17-82 = 34
63-14 = 5
52+37 = 79
95-42 = 53
Now, determine the result for: 34*21",615,numeric_math_guess
1c4861e6,"In Alice's Wonderland, a secret set of transformation rules is applied to equations. Below are a few examples:
18-81 = 36
72+36 = 98
44+17 = 411
63-36 = 72
Now, determine the result for: 31*42",213,numeric_math_guess
223cbc6d,"In Alice's Wonderland, a secret set of transformation rules is applied to equations. Below are a few examples:
29-73 = 55
61+28 = 79
83+45 = 19
14-41 = 72
Now, determine the result for: 52*23",8,numeric_math_guess
9badbf3d,"In Alice's Wonderland, a secret set of transformation rules is applied to equations. Below are a few examples:
31#22 = 54
47#18 = 66
93@61 = 32
Now, determine the result for: 24$32",768,numeric_math_guess
09092ae3,"In Alice's Wonderland, a secret set of transformation rules is applied to equations. Below are a few examples:
52^14 = 67
26^73 = 100
88~45 = 43
Now, determine the result for: 72&63",4536,numeric_math_guess
4ad809b0,"In Alice's Wonderland, a secret set of transformation rules is applied to equations. Below are a few examples:
82<47 = 64<
35^27 = 521
94<28 = 33<
Now, determine the result for: 23?41",844,numeric_math_guess
590ef6e4,"In Alice's Wonderland, a secret set of transformation rules is applied to equations. Below are a few examples:
73#15 = 41#
26$48 = 641
41#92 = 51#
Now, determine the result for: 34@22",649,numeric_math_guess
769b85a2,"In Alice's Wonderland, a secret set of transformation rules is applied to equations. Below are a few examples:
42{35 = 76
61{28 = 88
84~52 = 32
33{47 = 79
Now, determine the result for: 24*60",1440,numeric_math_guess
cbbd1289,"In Alice's Wonderland, a secret set of transformation rules is applied to equations. Below are a few examples:
71]19 = 89
45]33 = 77
92!48 = 44
58]41 = 98
Now, determine the result for: 72?35",2520,numeric_math_guess
a21562e6,"In Alice's Wonderland, a secret set of transformation rules is applied to equations. Below are a few examples:
14@16 = 02
37#28 = 651
09@61 = 47@
44#73 = 28
34@43 = 9
Now, determine the result for: 33$41",264,numeric_math_guess
14ec135a,"In Alice's Wonderland, a secret set of transformation rules is applied to equations. Below are a few examples:
25^18 = 92
62+47 = 101
13^97 = 84^
54+35 = 99
77^77 = 0
Now, determine the result for: 32%21",672,numeric_math_guess
425df244,"In Alice's Wonderland, a secret set of transformation rules is applied to equations. Below are a few examples:
31#74 = 43#
25@18 = 331
14#97 = 83#
63@52 = 16
Now, determine the result for: 23$42",867,numeric_math_guess
d753a14e,"In Alice's Wonderland, a secret set of transformation rules is applied to equations. Below are a few examples:
27^49 = 22^
34&16 = 401
53^89 = 36^
71&25 = 96
Now, determine the result for: 42%31",213,numeric_math_guess
